,NDB_No,Shrt_Desc,Water_(g),Energ_Kcal,Protein_(g),Lipid_Tot_(g),Ash_(g),Carbohydrt_(g),Fiber_TD_(g),Sugar_Tot_(g),Calcium_(mg),Iron_(mg),Magnesium_(mg),Phosphorus_(mg),Potassium_(mg),Sodium_(mg),Zinc_(mg),Copper_mg),Manganese_(mg),Selenium_(æg),Vit_C_(mg),Thiamin_(mg),Riboflavin_(mg),Niacin_(mg),Panto_Acid_mg),Vit_B6_(mg),Folate_Tot_(æg),Folic_Acid_(æg),Food_Folate_(æg),Folate_DFE_(æg),Choline_Tot_ (mg),Vit_B12_(æg),Vit_A_IU,Vit_A_RAE,Retinol_(æg),Alpha_Carot_(æg),Beta_Carot_(æg),Beta_Crypt_(æg),Lycopene_(æg),Lut+Zea_ (æg),Vit_E_(mg),Vit_D_æg,Vit_D_IU,Vit_K_(æg),FA_Sat_(g),FA_Mono_(g),FA_Poly_(g),Cholestrl_(mg),GmWt_1,GmWt_Desc1,GmWt_2,GmWt_Desc2,Refuse_Pct,MicroNutrientScore,Iron_(mg)_Density,Fiber_TD_(g)_Density,Sugar_Tot_(g)_Density,Calcium_(mg)_Density,Magnesium_(mg)_Density,Potassium_(mg)_Density,Sodium_(mg)_Density,Vit_C_(mg)_Density,Folate_Tot_(æg)_Density,Vit_A_RAE_Density,Vit_E_(mg)_Density,Vit_D_æg_Density,NutrientsGt0.5,NutrientsGt0.75,NutrientsGt1,NutrientsGt2,Grade,Fat_Cal_%,Prot_Cal_%,Carb_Cal_%,Total_Cal_%,Sugar_Cal_%,Cluster
3634,11993,"MUSHROOMS,MAITAKE,RAW",90.37,31,1.94,0.19,0.53,6.97,2.7,2.07,1.0,0.3,10.0,74.0,204.0,1.0,0.75,0.252,0.059000000000000004,2.2,0.0,0.146,0.242,6.585,0.27,0.055999999999999994,21.0,0.0,21.0,21.0,51.1,0.0,0.0,0.0,0.0,0.0,0.0,0.0,0.0,0.0,0.01,28.1,1123.0,0.0,0.03,0.03,0.09,0.0,70.0,"1 cup, diced",1.1,"1 piece, whole",0.0,2.4911197004178254,2.4193548387096775,4.584040747028863,2.782258064516129,0.06451612903225806,1.6129032258064517,2.8002745367192863,0.04301075268817204,0.0,3.3870967741935485,0.0,0.04301075268817204,120.86021505376345,6,6,6,5,4,0.055161290322580644,0.2503225806451613,0.5509677419354838,0.8564516129032258,0.2670967741935484,3
3637,11998,"MUSHROOMS,PORTABELLA,EXPOSED TO UV LT,RAW",92.82,22,2.11,0.35,0.85,3.87,1.3,2.5,3.0,0.31,10.0,108.0,364.0,9.0,0.53,0.28600000000000003,0.069,18.6,0.0,0.059000000000000004,0.13,4.494,1.14,0.14800000000000002,28.0,0.0,28.0,28.0,21.2,0.05,0.0,0.0,0.0,0.0,0.0,0.0,0.0,0.0,0.02,11.2,446.0,0.0,0.06,0.02,0.11699999999999999,0.0,86.0,"1 cup, diced",84.0,"1 piece, whole",3.0,3.2703697105432825,3.522727272727273,3.1100478468899526,4.734848484848485,0.27272727272727276,2.272727272727273,7.040618955512573,0.5454545454545455,0.0,6.363636363636364,0.0,0.12121212121212122,67.87878787878788,6,6,6,6,4,0.1431818181818182,0.3836363636363636,0.46727272727272734,0.9940909090909091,0.45454545454545453,3
3583,11939,"MUSHROOMS,PORTABELLA,EXPOSED TO UV LT,GRILLED",90.66,29,3.28,0.58,1.05,4.44,2.2,2.26,3.0,0.4,13.0,135.0,437.0,11.0,0.65,0.389,0.067,21.9,0.0,0.07200000000000001,0.40299999999999997,6.255,1.262,0.122,19.0,0.0,19.0,0.0,32.8,0.0,0.0,0.0,0.0,0.0,0.0,0.0,0.0,0.0,0.0,13.1,524.0,0.0,0.037000000000000005,0.038,0.695,0.0,121.0,"1 cup, sliced",0.0,0,0.0,2.9577480016990387,3.4482758620689657,3.992740471869329,3.247126436781609,0.20689655172413793,2.2413793103448274,6.412325752017608,0.5057471264367815,0.0,3.275862068965517,0.0,0.0,60.22988505747126,6,6,6,6,4,0.18,0.45241379310344826,0.30896551724137933,0.9413793103448276,0.31172413793103443,3
701,4589,"FISH OIL,COD LIVER",0.0,902,0.0,100.0,0.0,0.0,0.0,0.0,0.0,0.0,0.0,0.0,0.0,0.0,0.0,0.0,0.0,0.0,0.0,0.0,0.0,0.0,0.0,0.0,0.0,0.0,0.0,0.0,0.0,0.0,100000.0,30000.0,30000.0,0.0,0.0,0.0,0.0,0.0,0.0,250.0,10000.0,0.0,22.608,46.711000000000006,22.541,570.0,4.0,1 tsp,13.6,1 tbsp,0.0,2.0,0.0,0.0,0.0,0.0,0.0,0.0,0.0,0.0,0.0,73.90983000739098,0.0,36.95491500369549,2,2,2,2,2,0.9977827050997783,0.0,0.0,0.9977827050997783,0.0,6
4462,15008,"CARP,RAW",76.31,127,17.83,5.6,1.46,0.0,0.0,0.0,41.0,1.24,29.0,415.0,333.0,49.0,1.48,0.057,0.042,12.6,1.6,0.115,0.055,1.64,0.75,0.19,15.0,0.0,15.0,15.0,65.0,1.53,30.0,9.0,9.0,0.0,0.0,0.0,0.0,0.0,0.63,24.7,988.0,0.1,1.083,2.3280000000000003,1.431,66.0,85.0,3 oz,218.0,1 fillet,0.0,1.703352506468606,2.440944881889764,0.0,0.0,0.6456692913385826,1.141732283464567,1.1157647847210588,0.5144356955380577,0.2799650043744532,0.5905511811023622,0.15748031496062992,0.6614173228346457,25.93175853018373,7,4,4,2,3,0.3968503937007874,0.5615748031496063,0.0,0.9584251968503936,0.0,6
3024,11240,"MUSHROOMS,MOREL,RAW",89.61,31,3.12,0.57,1.58,5.1,2.8,0.6,43.0,12.18,19.0,194.0,411.0,21.0,2.03,0.625,0.5870000000000001,2.2,0.0,0.069,0.205,2.252,0.44,0.136,9.0,0.0,9.0,9.0,0.0,0.0,0.0,0.0,0.0,0.0,0.0,0.0,0.0,0.0,0.0,5.1,206.0,0.0,0.065,0.052000000000000005,0.433,0.0,66.0,1 cup,12.9,1 piece,0.0,3.7685872195932526,98.2258064516129,4.753820033955857,0.8064516129032258,2.7741935483870965,3.064516129032258,5.641729581331503,0.9032258064516129,0.0,1.4516129032258065,0.0,0.0,21.93548387096774,7,7,7,6,4,0.16548387096774192,0.40258064516129033,0.2967741935483871,0.8648387096774194,0.07741935483870968,0
4492,15038,"HALIBUT,GREENLAND,RAW",70.27,186,14.37,13.84,1.0,0.0,0.0,0.0,3.0,0.66,26.0,164.0,268.0,80.0,0.4,0.03,0.012,36.5,0.0,0.06,0.08,1.5,0.25,0.42,1.0,0.0,1.0,1.0,61.8,1.0,47.0,14.0,14.0,0.0,0.0,0.0,0.0,0.0,0.73,27.4,1097.0,0.1,2.419,8.378,1.367,46.0,85.0,3 oz,204.0,.5 fillet,0.0,1.2948854825999645,0.8870967741935485,0.0,0.0,0.03225806451612903,0.6989247311827957,0.6131320064058567,0.5734767025089607,0.0,0.026881720430107527,0.16726403823178015,0.5232974910394265,19.6415770609319,5,2,1,1,2,0.6696774193548387,0.3090322580645161,0.0,0.9787096774193549,0.0,6
4531,15077,"SALMON,CHINOOK,SMOKED",72.0,117,18.28,4.32,2.62,0.0,0.0,0.0,11.0,0.85,18.0,164.0,175.0,672.0,0.31,0.23,0.017,32.4,0.0,0.023,0.10099999999999999,4.72,0.87,0.278,2.0,0.0,2.0,2.0,89.0,3.26,87.0,26.0,26.0,0.0,0.0,0.0,0.0,0.0,1.35,17.1,685.0,0.1,0.929,2.023,0.995,23.0,28.0,"1 oz, boneless",85.0,3 oz,0.0,1.552774241781334,1.816239316239316,0.0,0.0,0.188034188034188,0.7692307692307692,0.6364793598836151,7.658119658119658,0.0,0.08547008547008547,0.49382716049382713,1.5384615384615385,19.48717948717949,5,4,3,1,3,0.3323076923076923,0.624957264957265,0.0,0.9572649572649573,0.0,6
3023,11239,"MUSHROOMS,CHANTERELLE,RAW",89.85,38,1.49,0.53,1.26,6.86,3.8,1.16,15.0,3.47,13.0,57.0,506.0,9.0,0.71,0.353,0.28600000000000003,2.2,0.0,0.015,0.215,4.085,1.075,0.044000000000000004,2.0,0.0,2.0,2.0,0.0,0.0,0.0,0.0,0.0,0.0,0.0,0.0,0.0,0.0,0.0,5.3,212.0,0.0,0.0,0.0,0.0,0.0,54.0,1 cup,5.4,1 piece,0.0,3.3692609182530795,22.828947368421055,5.263157894736842,1.2719298245614035,0.7894736842105263,1.710526315789474,5.666293393057111,0.31578947368421056,0.0,0.2631578947368421,0.0,0.0,18.596491228070175,6,6,5,4,4,0.1255263157894737,0.1568421052631579,0.3221052631578948,0.6044736842105264,0.12210526315789473,3
4705,15264,"SALMON,SOCKEYE,CND,DRND SOL,WO/ SKN & BONES",67.78,158,26.33,5.87,1.89,0.0,0.0,0.0,37.0,0.48,24.0,236.0,312.0,386.0,0.58,0.07,0.011000000000000001,34.6,0.0,0.033,0.214,7.689,0.0,0.12,4.0,0.0,4.0,4.0,83.3,5.54,187.0,56.0,56.0,0.0,0.0,0.0,0.0,0.0,2.09,21.5,859.0,0.1,1.2109999999999999,1.925,1.551,66.0,85.0,3 oz,247.0,"1 can, drained solids, bone and skin removed",0.0,1.5505551066822276,0.7594936708860759,0.0,0.0,0.46835443037974683,0.7594936708860759,0.8402908699165095,3.257383966244726,0.0,0.12658227848101267,0.7876230661040787,1.7637130801687764,18.143459915611814,6,6,2,1,3,0.33436708860759495,0.6665822784810126,0.0,1.0009493670886076,0.0,6
4464,15010,"CATFISH,CHANNEL,WILD,RAW",80.36,95,16.38,2.82,0.96,0.0,0.0,0.0,14.0,0.3,23.0,209.0,358.0,43.0,0.51,0.034,0.025,12.6,0.7,0.21,0.07200000000000001,1.9069999999999998,0.765,0.11599999999999999,10.0,0.0,10.0,10.0,0.0,2.23,50.0,15.0,15.0,0.0,0.0,0.0,0.0,0.0,0.0,12.5,500.0,0.0,0.722,0.8440000000000001,0.865,58.0,85.0,3 oz,159.0,1 fillet,0.0,1.4939255941271619,0.7894736842105263,0.0,0.0,0.2947368421052632,1.2105263157894737,1.6035834266517357,0.6035087719298246,0.16374269005847952,0.5263157894736842,0.3508771929824561,0.0,17.54385964912281,5,4,3,1,3,0.2671578947368421,0.6896842105263158,0.0,0.9568421052631579,0.0,6
4479,15025,"EEL,MIXED SPECIES,RAW",68.26,184,18.44,11.66,1.41,0.0,0.0,0.0,20.0,0.5,20.0,216.0,272.0,51.0,1.62,0.023,0.035,6.5,1.8,0.15,0.04,3.5,0.24,0.067,15.0,0.0,15.0,15.0,65.0,3.0,3477.0,1043.0,1043.0,0.0,0.0,0.0,0.0,0.0,4.0,23.3,932.0,0.0,2.358,7.19,0.9470000000000001,126.0,85.0,3 oz,204.0,1 fillet,0.0,2.559281529448042,0.6793478260869565,0.0,0.0,0.2173913043478261,0.5434782608695653,0.6290471785383904,0.3695652173913044,0.2173913043478261,0.4076086956521739,12.596618357487923,2.898550724637681,16.884057971014496,6,3,3,3,4,0.5703260869565218,0.4008695652173913,0.0,0.9711956521739131,0.0,6
4541,15087,"FISH,SALMON,SOCKEYE,CND,DRND SOL",68.07,167,23.59,7.39,2.47,0.0,0.0,0.0,232.0,0.65,31.0,338.0,314.0,408.0,0.84,0.07200000000000001,0.028999999999999998,34.3,0.0,0.032,0.212,7.621,0.535,0.11900000000000001,4.0,0.0,4.0,4.0,82.6,5.5,184.0,55.0,55.0,0.0,0.0,0.0,0.0,0.0,2.07,21.0,841.0,0.1,1.44,2.494,1.7830000000000001,79.0,85.0,3 oz,337.0,1 can,0.0,1.7984067326340223,0.9730538922155688,0.0,0.0,2.7784431137724552,0.9281437125748503,0.8001019238119506,3.2574850299401197,0.0,0.11976047904191617,0.7318695941450432,1.6526946107784428,16.766467065868262,7,6,3,2,3,0.39826347305389215,0.5650299401197605,0.0,0.9632934131736526,0.0,6
4701,15253,"SALMON,SOCKEYE,CND,TOTAL CAN CONTENTS",71.07,153,20.63,7.17,2.45,0.0,0.0,0.0,198.0,0.57,30.0,321.0,329.0,433.0,0.67,0.061,0.024,30.1,0.0,0.02,0.2,6.0,0.0,0.33,0.0,0.0,3.0,3.0,74.8,0.4,129.0,39.0,39.0,0.0,0.0,0.0,0.0,0.0,1.88,19.0,761.0,0.1,1.46,2.471,1.744,67.0,85.0,3 oz,417.0,"1 can, total can contents",0.0,1.7619825708061,0.9313725490196078,0.0,0.0,2.588235294117647,0.9803921568627451,0.9150326797385622,3.7734204793028323,0.0,0.0,0.5664488017429194,1.6383442265795205,16.55773420479303,7,6,3,2,3,0.42176470588235293,0.5393464052287581,0.0,0.961111111111111,0.0,6
4582,15131,"WHITEFISH,MXD SP,SMOKED",70.83,108,23.4,0.93,5.06,0.0,0.0,0.0,18.0,0.5,23.0,132.0,423.0,1019.0,0.49,0.315,0.034,13.5,0.0,0.032,0.10099999999999999,2.4,0.10400000000000001,0.389,7.0,0.0,7.0,7.0,95.0,3.26,190.0,57.0,57.0,0.0,0.0,0.0,0.0,0.0,0.21,12.8,512.0,0.1,0.228,0.278,0.293,33.0,136.0,"1 cup, cooked",28.35,"1 oz, boneless",0.0,1.5978395061728397,1.1574074074074074,0.0,0.0,0.3333333333333333,1.0648148148148149,1.6666666666666665,12.580246913580247,0.0,0.3240740740740741,1.1728395061728396,0.25925925925925924,15.80246913580247,5,5,5,1,3,0.07750000000000001,0.8666666666666666,0.0,0.9441666666666666,0.0,6
4691,15241,"TROUT,RAINBOW,FARMED,CKD,DRY HEAT",68.72,168,23.8,7.38,1.44,0.0,0.0,0.0,30.0,0.36,30.0,270.0,450.0,61.0,0.54,0.055,0.013000000000000001,28.1,2.9,0.14300000000000002,0.107,6.646,1.99,0.386,12.0,0.0,12.0,12.0,77.6,4.11,301.0,100.0,100.0,0.0,0.0,0.0,0.0,0.0,2.79,19.0,759.0,0.1,1.651,2.363,1.7990000000000002,70.0,71.0,1 fillet,85.0,3 oz,0.0,1.7203309692671396,0.5357142857142857,0.0,0.0,0.3571428571428571,0.8928571428571428,1.1398176291793312,0.4841269841269841,0.38359788359788355,0.3571428571428571,1.3227513227513226,2.214285714285714,15.079365079365077,6,5,4,2,3,0.39535714285714285,0.5666666666666667,0.0,0.9620238095238095,0.0,6
4690,15240,"TROUT,RAINBOW,FARMED,RAW",73.8,141,19.94,6.18,1.21,0.0,0.0,0.0,25.0,0.31,25.0,226.0,377.0,51.0,0.45,0.046,0.011000000000000001,23.6,2.9,0.12,0.09,5.567,1.6669999999999998,0.34,11.0,0.0,11.0,11.0,65.0,4.3,280.0,84.0,84.0,0.0,0.0,0.0,0.0,0.0,2.34,15.9,635.0,0.1,1.383,1.979,1.507,59.0,79.0,1 fillet,85.0,3 oz,0.0,1.731231661720571,0.5496453900709221,0.0,0.0,0.35460992907801425,0.8865248226950355,1.1377697298928626,0.4822695035460994,0.45705279747832944,0.39007092198581567,1.3238770685579198,2.2127659574468086,15.035460992907804,6,5,4,2,3,0.394468085106383,0.5656737588652483,0.0,0.9601418439716313,0.0,6
4538,15084,"FISH,SALMON,PINK,CND,TOTAL CAN CONTENTS",74.04,129,19.68,4.97,2.4,0.0,0.0,0.0,215.0,0.64,30.0,337.0,344.0,403.0,0.76,0.069,0.024,33.2,0.0,0.023,0.18600000000000003,6.5360000000000005,0.55,0.3,15.0,0.0,15.0,15.0,87.8,4.4,57.0,17.0,17.0,0.0,0.0,0.0,0.0,0.0,0.64,13.7,547.0,0.5,0.862,1.205,1.42,55.0,85.0,3 oz,411.0,1 can,0.0,1.840693092894973,1.2403100775193798,0.0,0.0,3.333333333333333,1.1627906976744184,1.1347517730496453,4.165374677002584,0.0,0.5813953488372092,0.29285099052540914,0.6614987080103358,14.160206718346252,7,5,5,2,3,0.3467441860465116,0.6102325581395349,0.0,0.9569767441860465,0.0,6
4702,15260,"FISH,SALMON,PINK,CND,DRND SOL",70.71,138,23.1,5.02,2.5,0.0,0.0,0.0,283.0,0.77,32.0,379.0,333.0,381.0,0.96,0.08199999999999999,0.031,39.5,0.0,0.027000000000000003,0.20199999999999999,7.409,0.563,0.105,4.0,0.0,4.0,4.0,87.8,4.95,65.0,20.0,20.0,0.0,0.0,0.0,0.0,0.0,1.28,14.5,580.0,0.1,0.895,1.2109999999999999,1.507,83.0,85.0,3 oz,315.0,"1 can, drained solids (total)",0.0,1.938632781717888,1.394927536231884,0.0,0.0,4.101449275362318,1.1594202898550723,1.0268270120259018,3.681159420289855,0.0,0.14492753623188404,0.322061191626409,1.2367149758454106,14.00966183574879,6,6,6,2,3,0.32739130434782604,0.6695652173913044,0.0,0.9969565217391304,0.0,6
4706,15265,"FISH,SALMON,PINK,CND,DRND SOL,WO/ SKN & BONES",70.63,136,24.62,4.21,1.9,0.0,0.0,0.0,60.0,0.57,24.0,253.0,326.0,378.0,0.65,0.077,0.011000000000000001,39.6,0.0,0.027000000000000003,0.203,7.43,0.0,0.105,4.0,0.0,4.0,4.0,88.0,4.96,66.0,20.0,20.0,0.0,0.0,0.0,0.0,0.0,1.28,14.1,563.0,0.1,0.7490000000000001,0.971,1.298,83.0,85.0,3 oz,242.0,"1 can, drained solids, bone and skin removed",0.0,1.5561283201223752,1.0477941176470587,0.0,0.0,0.8823529411764705,0.8823529411764705,1.0200250312891113,3.705882352941176,0.0,0.14705882352941177,0.32679738562091504,1.2549019607843135,13.823529411764705,6,6,4,1,3,0.2786029411764706,0.7241176470588235,0.0,1.002720588235294,0.0,6
4555,15101,"SNAPPER,MIXED SPECIES,RAW",76.87,100,20.51,1.34,1.31,0.0,0.0,0.0,32.0,0.18,32.0,198.0,417.0,64.0,0.36,0.027999999999999997,0.013000000000000001,38.2,1.6,0.046,0.003,0.284,0.75,0.4,5.0,0.0,5.0,5.0,65.0,3.0,106.0,32.0,32.0,0.0,0.0,0.0,0.0,0.0,0.96,10.2,408.0,0.1,0.285,0.251,0.45899999999999996,37.0,85.0,3 oz,218.0,1 fillet,0.0,1.706113475177305,0.44999999999999996,0.0,0.0,0.64,1.5999999999999999,1.7744680851063828,0.8533333333333333,0.3555555555555555,0.25,0.711111111111111,1.28,13.599999999999998,6,4,4,1,3,0.1206,0.8204,0.0,0.9410000000000001,0.0,6
4558,15104,"STURGEON,MXD SP,RAW",76.55,105,16.14,4.04,1.1,0.0,0.0,0.0,13.0,0.7,35.0,211.0,284.0,54.0,0.42,0.040999999999999995,0.025,12.6,0.0,0.07,0.07,8.3,0.75,0.2,15.0,0.0,15.0,15.0,56.0,2.2,700.0,210.0,210.0,0.0,0.0,0.0,0.0,0.0,0.5,10.3,412.0,0.1,0.915,1.939,0.69,60.0,85.0,3 oz,0.0,0,0.0,2.0525565687267813,1.6666666666666665,0.0,0.0,0.24761904761904763,1.6666666666666665,1.1509625126646403,0.6857142857142857,0.0,0.7142857142857143,4.444444444444445,0.6349206349206349,13.07936507936508,7,5,5,2,4,0.3462857142857143,0.6148571428571429,0.0,0.9611428571428572,0.0,6
4564,15110,"SWORDFISH,RAW",73.38,144,19.66,6.65,1.44,0.0,0.0,0.0,5.0,0.38,29.0,255.0,418.0,81.0,0.66,0.039,0.011000000000000001,57.4,0.0,0.075,0.053,7.76,0.35,0.5429999999999999,2.0,0.0,2.0,2.0,65.0,1.7,120.0,36.0,36.0,0.0,0.0,0.0,0.0,0.0,2.02,13.9,558.0,0.1,1.6019999999999999,2.971,1.147,66.0,85.0,3 oz,136.0,"1 piece,  (4-1/2"" x 2-1/8"" x 7/8"")",0.0,1.5466706067769898,0.6597222222222223,0.0,0.0,0.06944444444444445,1.0069444444444444,1.2352245862884161,0.75,0.0,0.06944444444444445,0.5555555555555556,1.8703703703703705,12.87037037037037,6,4,4,1,3,0.415625,0.5461111111111111,0.0,0.9617361111111111,0.0,6
4565,15111,"SWORDFISH,COOKED,DRY HEAT",68.26,172,23.45,7.93,1.71,0.0,0.0,0.0,6.0,0.45,35.0,304.0,499.0,97.0,0.78,0.046,0.013000000000000001,68.5,0.0,0.08900000000000001,0.063,9.254,0.41700000000000004,0.615,2.0,0.0,2.0,2.0,77.5,1.62,129.0,43.0,43.0,0.0,0.0,0.0,0.0,0.0,2.41,16.6,666.0,0.1,1.911,3.5439999999999996,1.368,78.0,85.0,3 oz,106.0,1 piece,0.0,1.5457728572213976,0.6540697674418605,0.0,0.0,0.06976744186046513,1.0174418604651163,1.2345373577436913,0.751937984496124,0.0,0.058139534883720936,0.5555555555555556,1.868217054263566,12.868217054263567,6,4,4,1,3,0.41494186046511633,0.5453488372093023,0.0,0.9602906976744185,0.0,6
4559,15105,"STURGEON,MXD SP,CKD,DRY HEAT",69.94,135,20.7,5.18,1.41,0.0,0.0,0.0,17.0,0.9,45.0,271.0,364.0,69.0,0.54,0.053,0.03,16.2,0.0,0.08,0.09,10.1,0.87,0.23,17.0,0.0,17.0,17.0,70.0,2.5,875.0,263.0,263.0,0.0,0.0,0.0,0.0,0.0,0.63,12.9,515.0,0.1,1.173,2.4859999999999998,0.885,77.0,85.0,3 oz,136.0,"1 cup, cooked",0.0,2.031361527011645,1.6666666666666665,0.0,0.0,0.2518518518518518,1.6666666666666665,1.1473601260835302,0.6814814814814815,0.0,0.6296296296296297,4.329218106995884,0.6222222222222222,12.74074074074074,7,5,5,2,4,0.3453333333333333,0.6133333333333333,0.0,0.9586666666666666,0.0,6
8235,35181,"STEELHEAD TROUT,BLD,CND (ALASKA NATIVE)",70.59,159,21.11,8.26,1.24,0.0,0.0,0.0,30.0,0.64,25.0,249.0,365.0,118.0,0.57,0.057999999999999996,0.011000000000000001,26.0,0.0,0.0,0.0,0.0,0.0,0.0,0.0,0.0,0.0,0.0,0.0,5.79,65.0,20.0,20.0,0.0,0.0,0.0,0.0,0.0,2.15,15.1,604.0,0.0,1.53,2.2230000000000003,1.225,59.0,0.0,0,0.0,0,0.0,1.5229121132372838,1.0062893081761006,0.0,0.0,0.3773584905660377,0.7861635220125786,0.9768499933092466,0.9895178197064989,0.0,0.0,0.27952480782669464,1.8029350104821804,12.662473794549266,5,5,3,1,3,0.4675471698113208,0.5310691823899371,0.0,0.9986163522012579,0.0,6
4560,15106,"STURGEON,MXD SP,SMOKED",62.5,173,31.2,4.4,1.9,0.0,0.0,0.0,17.0,0.93,47.0,281.0,379.0,739.0,0.56,0.05,0.03,20.1,0.0,0.09,0.09,11.1,1.0,0.27,20.0,0.0,20.0,20.0,87.3,2.9,933.0,280.0,280.0,0.0,0.0,0.0,0.0,0.0,0.5,16.1,642.0,0.1,1.037,2.356,0.436,80.0,28.0,1 oz,85.0,3 oz,0.0,1.8391129968980173,1.3439306358381504,0.0,0.0,0.1965317919075145,1.3583815028901733,0.9322346574837044,5.695568400770713,0.0,0.5780346820809249,3.5966602440590885,0.3853564547206166,12.408477842003856,6,5,4,2,3,0.22890173410404624,0.7213872832369942,0.0,0.9502890173410404,0.0,6
4924,16272,"VITASOY USA NASOYA,LITE SILKEN TOFU",89.8,41,7.5,1.1,1.3,0.3,0.0,0.0,394.0,0.87,0.0,203.0,0.0,79.0,0.0,0.0,0.0,0.0,0.0,0.0,0.0,0.0,0.0,0.0,0.0,0.0,0.0,0.0,0.0,2.42,1913.0,96.0,0.0,0.0,0.0,0.0,0.0,0.0,5.26,3.8,153.0,0.0,0.2,0.1,0.7,0.0,91.0,.2 package,0.0,0,0.0,4.050813008130081,5.304878048780488,0.0,0.0,19.21951219512195,0.0,0.0,2.5691056910569103,0.0,0.0,5.203252032520325,17.105691056910565,12.35772357723577,5,5,5,5,4,0.24146341463414636,0.7317073170731707,0.029268292682926828,1.002439024390244,0.0,0
4581,15130,"WHITEFISH,MXD SP,RAW",72.77,134,19.09,5.86,1.12,0.0,0.0,0.0,26.0,0.37,33.0,270.0,317.0,51.0,0.99,0.07200000000000001,0.067,12.6,0.0,0.14,0.12,3.0,0.75,0.3,15.0,0.0,15.0,15.0,65.0,1.0,120.0,36.0,36.0,0.0,0.0,0.0,0.0,0.0,0.2,12.0,478.0,0.1,0.9059999999999999,1.996,2.149,60.0,85.0,3 oz,198.0,1 fillet,0.0,1.4672091669313008,0.6902985074626865,0.0,0.0,0.38805970149253727,1.2313432835820894,1.0066687837408699,0.5074626865671642,0.0,0.5597014925373134,0.5970149253731343,0.19900497512437812,11.940298507462687,6,3,3,1,3,0.39358208955223883,0.5698507462686567,0.0,0.9634328358208956,0.0,6
4537,15083,"SALMON,PINK,RAW",75.52,127,20.5,4.4,1.52,0.0,0.0,0.0,7.0,0.38,27.0,261.0,366.0,75.0,0.39,0.063,0.011000000000000001,31.4,0.0,0.08,0.105,7.995,1.03,0.611,4.0,0.0,4.0,4.0,94.6,4.15,117.0,35.0,35.0,0.0,0.0,0.0,0.0,0.0,0.4,10.9,435.0,0.4,0.81,1.348,0.8109999999999999,46.0,85.0,3 oz,159.0,.5 fillet,0.0,1.4337447180804528,0.7480314960629921,0.0,0.0,0.11023622047244094,1.062992125984252,1.226336069693416,0.7874015748031497,0.0,0.15748031496062992,0.6124234470691163,0.4199475065616798,11.443569553805775,5,3,3,1,3,0.31181102362204727,0.6456692913385826,0.0,0.9574803149606299,0.0,6
4662,15212,"SALMON,PINK,CKD,DRY HEAT",70.65,153,24.58,5.28,1.82,0.0,0.0,0.0,8.0,0.45,32.0,313.0,439.0,90.0,0.46,0.075,0.013000000000000001,37.6,0.0,0.091,0.126,9.588,1.235,0.696,5.0,0.0,5.0,5.0,113.4,4.73,126.0,42.0,42.0,0.0,0.0,0.0,0.0,0.0,0.48,13.0,522.0,0.5,0.971,1.617,0.973,55.0,85.0,3 oz,124.0,.5 fillet,0.0,1.4298312705696936,0.7352941176470589,0.0,0.0,0.10457516339869281,1.0457516339869282,1.2209706577666528,0.7843137254901961,0.0,0.16339869281045752,0.6100217864923748,0.41830065359477125,11.328976034858389,5,3,3,1,3,0.31058823529411766,0.6426143790849673,0.0,0.953202614379085,0.0,6
4526,15072,"ROE,MIXED SPECIES,RAW",67.73,143,22.32,6.42,1.37,1.5,0.0,0.0,22.0,0.6,20.0,402.0,221.0,91.0,1.0,0.1,0.01,40.3,16.0,0.24,0.74,1.8,1.0,0.16,80.0,0.0,80.0,80.0,335.4,10.0,299.0,90.0,90.0,0.0,0.0,0.0,0.0,214.0,7.0,12.1,484.0,0.2,1.456,1.661,2.656,374.0,14.0,1 tbsp,28.35,1 oz,0.0,2.5922597497065585,1.048951048951049,0.0,0.0,0.3076923076923077,0.6993006993006994,0.6576402321083173,0.8484848484848486,2.4864024864024867,2.7972027972027975,1.3986013986013988,6.526806526806528,11.282051282051283,8,6,6,4,4,0.4040559440559441,0.6243356643356643,0.04195804195804196,1.0703496503496504,0.0,6
8613,83110,"MACKEREL,SALTED",43.0,305,18.5,25.1,13.4,0.0,0.0,0.0,66.0,1.4,60.0,254.0,520.0,4450.0,1.1,0.1,0.0,73.4,0.0,0.02,0.19,3.3,0.0,0.41,15.0,0.0,15.0,15.0,101.6,12.0,157.0,47.0,47.0,0.0,0.0,0.0,0.0,0.0,2.38,25.2,1006.0,7.8,7.148,8.32,6.21,95.0,80.0,"1 piece,  (5-1/2"" x 1-1/2"" x 1/2"")",17.0,"1 cubic inch, boneless",0.0,1.4918211060729374,1.1475409836065573,0.0,0.0,0.43278688524590164,0.9836065573770492,0.7254970352284618,19.453551912568308,0.0,0.2459016393442623,0.3424408014571949,1.0404371584699452,11.01639344262295,5,4,3,1,3,0.7406557377049181,0.24262295081967214,0.0,0.9832786885245902,0.0,6
4697,15247,"SALMON,COHO,WILD,CKD,DRY HEAT",71.5,139,23.45,4.3,1.3,0.0,0.0,0.0,45.0,0.61,33.0,322.0,434.0,58.0,0.56,0.071,0.019,38.0,1.4,0.075,0.14,7.95,0.81,0.568,13.0,0.0,13.0,13.0,72.0,5.0,169.0,51.0,51.0,0.0,0.0,0.0,0.0,0.0,0.92,11.3,451.0,0.1,1.054,1.581,1.273,55.0,85.0,3 oz,178.0,.5 fillet,0.0,1.6649582461690222,1.0971223021582732,0.0,0.0,0.6474820143884892,1.1870503597122302,1.328639216286545,0.5563549160671463,0.22382094324540366,0.4676258992805755,0.8153477218225419,0.882494004796163,10.839328537170264,7,6,4,1,3,0.2784172661870503,0.6748201438848921,0.0,0.9532374100719424,0.0,6
4500,15046,"MACKEREL,ATLANTIC,RAW",63.55,205,18.6,13.89,1.35,0.0,0.0,0.0,12.0,1.63,76.0,217.0,314.0,90.0,0.63,0.073,0.015,44.1,0.4,0.17600000000000002,0.312,9.08,0.856,0.39899999999999997,1.0,0.0,1.0,1.0,65.0,8.71,167.0,50.0,50.0,0.0,0.0,0.0,0.0,0.0,1.52,16.1,643.0,5.0,3.2569999999999997,5.456,3.35,70.0,112.0,1 fillet,85.0,3 oz,0.0,1.6208700916796404,1.9878048780487805,0.0,0.0,0.11707317073170732,1.853658536585366,0.651790347690711,0.5853658536585366,0.04336043360433604,0.024390243902439025,0.5420054200542005,0.9886178861788618,10.471544715447157,6,4,3,1,3,0.6098048780487805,0.3629268292682927,0.0,0.9727317073170731,0.0,6
4540,15086,"SALMON,SOCKEYE,CKD,DRY HEAT",68.0,169,25.4,6.69,1.43,0.0,0.0,0.0,12.0,0.5,36.0,317.0,408.0,134.0,0.5,0.07200000000000001,0.013000000000000001,36.5,0.0,0.215,0.14,9.698,1.371,0.693,9.0,0.0,9.0,9.0,112.7,5.67,207.0,69.0,69.0,0.0,0.0,0.0,0.0,0.0,1.14,13.1,526.0,0.1,1.409,2.22,2.272,63.0,85.0,3 oz,155.0,.5 fillet,0.0,1.5047043518401948,0.7396449704142012,0.0,0.0,0.14201183431952663,1.0650887573964496,1.0273196525242352,1.0571992110453647,0.0,0.2662721893491124,0.9072978303747533,0.8994082840236686,10.335305719921104,6,5,3,1,3,0.3562721893491124,0.6011834319526627,0.0,0.9574556213017751,0.0,6
4539,15085,"SALMON,SOCKEYE,RAW",73.15,142,21.31,5.61,1.2,0.0,0.0,0.0,10.0,0.42,30.0,266.0,343.0,112.0,0.42,0.061,0.011000000000000001,30.6,0.0,0.18,0.11800000000000001,8.138,1.15,0.612,8.0,0.0,8.0,8.0,94.6,5.95,193.0,58.0,58.0,0.0,0.0,0.0,0.0,0.0,0.95,11.0,441.0,0.1,1.182,1.8630000000000002,1.945,53.0,28.0,"1 oz, boneless",198.0,.5 fillet,0.0,1.5045866213831451,0.7394366197183099,0.0,0.0,0.14084507042253522,1.0563380281690142,1.027869343721906,1.051643192488263,0.0,0.28169014084507044,0.9076682316118937,0.892018779342723,10.328638497652582,6,5,3,1,3,0.35556338028169016,0.600281690140845,0.0,0.9558450704225352,0.0,6
4468,15014,"CISCO,SMOKED",69.8,177,16.36,11.9,2.0,0.0,0.0,0.0,26.0,0.49,17.0,150.0,293.0,481.0,0.3,0.215,0.021,18.1,0.0,0.046,0.159,2.31,0.308,0.268,2.0,0.0,2.0,2.0,95.0,4.26,943.0,283.0,283.0,0.0,0.0,0.0,0.0,0.0,0.22,13.3,530.0,0.1,1.7409999999999999,5.484,2.274,32.0,28.0,1 oz,85.0,3 oz,0.0,1.5945780075062441,0.692090395480226,0.0,0.0,0.2937853107344633,0.48022598870056504,0.7044115879312417,3.623352165725047,0.0,0.056497175141242945,3.553044569993723,0.1657250470809793,10.01883239171375,4,2,2,2,2,0.6050847457627119,0.36971751412429377,0.0,0.9748022598870056,0.0,6
4879,16210,"VITASOY USA,NASOYA LITE FIRM TOFU",87.1,54,8.3,1.7,1.6,1.3,0.6,0.2,184.0,1.6,0.0,181.0,0.0,34.0,0.0,0.0,0.0,0.0,0.0,0.0,0.0,0.0,0.0,0.0,0.0,0.0,0.0,0.0,0.0,2.36,1902.0,95.0,0.0,0.0,0.0,0.0,0.0,0.0,5.22,3.9,157.0,0.0,0.2,0.3,1.2,0.0,79.0,.2 package,0.0,0,0.0,3.834611219406541,7.407407407407408,0.584795321637427,0.15432098765432098,6.814814814814815,0.0,0.0,0.8395061728395062,0.0,0.0,3.909465020576132,12.888888888888888,9.62962962962963,6,5,5,5,4,0.2833333333333333,0.6148148148148148,0.05185185185185186,0.95,0.014814814814814815,0
4534,15080,"SALMON,CHUM,DRND SOL W/BONE",70.77,141,21.43,5.5,2.47,0.0,0.0,0.0,249.0,0.7,30.0,354.0,300.0,391.0,1.0,0.1,0.02,43.3,0.0,0.02,0.16,7.0,0.56,0.38,20.0,0.0,20.0,20.0,85.0,4.4,60.0,18.0,18.0,0.0,0.0,0.0,0.0,0.0,1.6,9.6,386.0,0.1,1.486,1.919,1.517,39.0,85.0,3 oz,369.0,1 can,0.0,1.8326190835471052,1.2411347517730498,0.0,0.0,3.5319148936170217,1.0638297872340425,0.9053870529651427,3.6973995271867612,0.0,0.7092198581560285,0.28368794326241137,1.513002364066194,9.078014184397164,7,6,5,2,3,0.35106382978723405,0.6079432624113476,0.0,0.9590070921985816,0.0,6
4522,15068,"POMPANO,FLORIDA,RAW",71.12,164,18.48,9.47,1.1,0.0,0.0,0.0,22.0,0.6,27.0,195.0,381.0,65.0,0.72,0.038,0.013000000000000001,36.5,0.0,0.56,0.12,3.0,0.75,0.2,15.0,0.0,15.0,15.0,51.5,1.3,132.0,40.0,40.0,0.0,0.0,0.0,0.0,0.0,0.18,11.0,439.0,0.1,3.509,2.5860000000000003,1.137,50.0,28.0,"1 oz, boneless",112.0,1 fillet,0.0,1.3083434238597704,0.9146341463414633,0.0,0.0,0.26829268292682923,0.8231707317073171,0.98858329008822,0.5284552845528455,0.0,0.45731707317073167,0.5420054200542005,0.14634146341463414,8.943089430894307,5,4,1,1,3,0.5196951219512196,0.4507317073170732,0.0,0.9704268292682927,0.0,6
4535,15081,"SALMON,COHO,WILD,RAW",72.66,146,21.62,5.93,1.21,0.0,0.0,0.0,36.0,0.56,31.0,262.0,423.0,46.0,0.41,0.051,0.013999999999999999,36.5,1.0,0.113,0.14,7.23,0.823,0.5489999999999999,9.0,0.0,9.0,9.0,109.4,4.17,135.0,40.0,40.0,0.0,0.0,0.0,0.0,0.0,0.73,9.0,361.0,0.1,1.26,2.134,1.992,45.0,85.0,3 oz,198.0,.5 fillet,0.0,1.3701674277016744,0.9589041095890413,0.0,0.0,0.4931506849315068,1.0616438356164384,1.2328767123287672,0.4200913242009132,0.15220700152207003,0.3082191780821918,0.6088280060882801,0.6666666666666666,8.219178082191782,6,4,3,1,3,0.36554794520547945,0.5923287671232877,0.0,0.9578767123287673,0.0,6
594,3984,"INF FORMULA,MEAD JOHNSON,ENFAMIL,PREMATURE,20 CAL RTF",87.78,66,1.97,3.34,0.52,7.21,0.0,7.2,108.0,1.18,6.0,54.0,64.0,38.0,0.98,0.079,0.004,1.8,13.1,0.131,0.19699999999999998,2.623,0.787,0.098,26.0,26.0,0.0,45.0,13.2,0.16,833.0,250.0,250.0,0.0,0.0,0.0,0.0,0.0,1.86,3.9,157.0,5.2,1.679,0.021,1.1640000000000001,0.0,30.0,1 fl oz,152.0,5 fl oz,0.0,3.5043950139694813,4.469696969696969,0.0,4.545454545454545,3.2727272727272725,0.45454545454545453,0.4126370083816892,0.7676767676767676,4.41077441077441,1.9696969696969697,8.417508417508417,3.757575757575758,7.878787878787879,7,7,7,6,4,0.45545454545454545,0.11939393939393939,0.43696969696969695,1.0118181818181817,0.4363636363636364,2
8108,33874,"INF FORMULA,MEAD JOHNSON,ENFAMI,PREMATURE,20 CAL RTF LO IRON",87.5,66,1.97,3.34,0.52,7.21,0.0,7.23,108.0,0.33,6.0,54.0,64.0,38.0,0.98,0.079,0.004,1.8,13.1,0.131,0.19699999999999998,2.623,0.787,0.098,26.0,26.0,0.0,45.0,13.2,0.16,833.0,250.0,250.0,0.0,0.0,0.0,0.0,0.0,1.86,3.9,157.0,5.2,1.679,0.021,1.1640000000000001,0.0,30.0,1 fl oz,152.0,5 fl oz,0.0,3.182425316999785,1.25,0.0,4.5643939393939394,3.2727272727272725,0.45454545454545453,0.4126370083816892,0.7676767676767676,4.41077441077441,1.9696969696969697,8.417508417508417,3.757575757575758,7.878787878787879,7,7,7,5,4,0.45545454545454545,0.11939393939393939,0.43696969696969695,1.0118181818181817,0.43818181818181823,2
595,3985,"INF FORMULA,MEAD JOHNSON,ENFAMIL,PREMATURE,24 CALO RTF",87.23,67,1.97,3.34,0.27,7.19,0.0,7.21,108.0,1.18,6.0,54.0,64.0,38.0,0.98,0.079,0.004,1.8,13.1,0.131,0.19699999999999998,2.623,0.787,0.098,26.0,26.0,0.0,45.0,13.2,0.16,828.0,248.0,248.0,0.0,0.0,0.0,0.0,0.0,1.86,3.9,157.0,5.2,1.339,0.021,1.169,0.0,30.0,1 fl oz,152.0,5 fl oz,0.0,3.445457111605095,4.402985074626865,0.0,4.483830845771144,3.2238805970149254,0.4477611940298507,0.40647824706255953,0.7562189054726367,4.344941956882255,1.9402985074626866,8.225538971807628,3.701492537313433,7.7611940298507465,7,7,7,6,4,0.44865671641791044,0.11761194029850747,0.4292537313432836,0.9955223880597015,0.43044776119402983,2
8109,33875,"INF FORMULA,MEAD JOHNSON,ENFAML,PREMATURE,24 CAL RTF LO IRON",87.23,67,1.97,3.34,0.27,7.19,0.0,7.21,108.0,0.33,6.0,54.0,64.0,38.0,0.98,0.079,0.004,1.8,13.1,0.131,0.19699999999999998,2.623,0.787,0.098,26.0,26.0,0.0,45.0,13.2,0.16,828.0,248.0,248.0,0.0,0.0,0.0,0.0,0.0,1.86,3.9,157.0,5.2,1.339,0.85,1.169,0.0,30.0,5 fl oz,152.0,5 fl oz,0.0,3.1282929325006177,1.2313432835820894,0.0,4.483830845771144,3.2238805970149254,0.4477611940298507,0.40647824706255953,0.7562189054726367,4.344941956882255,1.9402985074626866,8.225538971807628,3.701492537313433,7.7611940298507465,7,7,7,5,4,0.44865671641791044,0.11761194029850747,0.4292537313432836,0.9955223880597015,0.43044776119402983,2
4545,15091,"SEA BASS,MXD SP,RAW",78.27,97,18.43,2.0,1.09,0.0,0.0,0.0,10.0,0.29,41.0,194.0,256.0,68.0,0.4,0.019,0.015,36.5,0.0,0.11,0.12,1.6,0.75,0.4,5.0,0.0,5.0,5.0,60.8,0.3,154.0,46.0,46.0,0.0,0.0,0.0,0.0,0.0,0.84,5.6,226.0,0.1,0.511,0.424,0.743,41.0,129.0,1 fillet,85.0,3 oz,0.0,1.4353866588676853,0.747422680412371,0.0,0.0,0.20618556701030927,2.1134020618556697,1.1230533011625357,0.9347079037800687,0.0,0.2577319587628866,1.0538373424971363,1.1546391752577319,7.697594501718212,6,5,5,2,3,0.18556701030927836,0.76,0.0,0.9455670103092784,0.0,6
4504,15050,"MACKEREL,PACIFIC&JACK,MXD SP,RAW",70.15,158,20.07,7.89,1.62,0.0,0.0,0.0,23.0,1.16,28.0,125.0,406.0,86.0,0.67,0.09300000000000001,0.015,36.5,2.0,0.111,0.42100000000000004,8.32,0.316,0.33,2.0,0.0,2.0,2.0,66.9,4.4,62.0,19.0,19.0,0.0,0.0,0.0,0.0,0.0,1.0,9.1,366.0,0.1,2.247,2.6289999999999996,1.94,47.0,85.0,3 oz,225.0,1 fillet,0.0,1.324113475177305,1.8354430379746833,0.0,0.0,0.2911392405063291,0.8860759493670887,1.0934554268785348,0.7257383966244726,0.2812939521800281,0.06329113924050633,0.26722925457102675,0.8438818565400844,7.679324894514768,5,5,3,1,3,0.44943037974683536,0.5081012658227848,0.0,0.9575316455696201,0.0,6
4651,15201,"MACKEREL,PACIFIC&JACK,MXD SP,CKD,DRY HEAT",61.73,201,25.73,10.12,2.08,0.0,0.0,0.0,29.0,1.49,36.0,160.0,521.0,110.0,0.86,0.11900000000000001,0.019,46.8,2.1,0.135,0.54,10.667,0.365,0.381,2.0,0.0,2.0,2.0,83.6,4.23,77.0,23.0,23.0,0.0,0.0,0.0,0.0,0.0,1.25,11.4,457.0,0.1,2.8810000000000002,3.3710000000000004,2.488,60.0,28.0,"1 oz, boneless",17.0,"1 cubic inch, boneless",0.0,1.3067893393552332,1.853233830845771,0.0,0.0,0.2885572139303483,0.8955223880597014,1.102995659997883,0.7296849087893864,0.23217247097844113,0.04975124378109452,0.2542841348811498,0.8291873963515753,7.5621890547263675,5,5,3,1,3,0.45313432835820894,0.5120398009950249,0.0,0.9651741293532339,0.0,6
4505,15051,"MACKEREL,SPANISH,RAW",71.67,139,19.29,6.3,1.27,0.0,0.0,0.0,11.0,0.44,33.0,205.0,446.0,59.0,0.49,0.055,0.013999999999999999,36.5,1.6,0.13,0.17,2.3,0.75,0.4,1.0,0.0,1.0,1.0,50.5,2.4,130.0,39.0,39.0,0.0,0.0,0.0,0.0,0.0,0.69,7.3,292.0,0.1,1.828,1.53,1.739,76.0,85.0,3 oz,187.0,1 fillet,0.0,1.208160280286409,0.7913669064748201,0.0,0.0,0.15827338129496402,1.1870503597122302,1.3653757844787997,0.5659472422062349,0.2557953637090328,0.03597122302158273,0.6235011990407674,0.6618705035971222,7.002398081534771,6,4,3,1,3,0.4079136690647482,0.5551079136690648,0.0,0.9630215827338129,0.0,6
4491,15037,"HALIBUT,ATLANTIC&PACIFIC,CKD,DRY HEAT",76.12,111,22.54,1.61,1.57,0.0,0.0,0.0,9.0,0.2,28.0,287.0,528.0,82.0,0.43,0.027999999999999997,0.013000000000000001,55.4,0.0,0.057999999999999996,0.036000000000000004,7.9110000000000005,0.41600000000000004,0.632,14.0,0.0,14.0,14.0,75.1,1.27,73.0,24.0,24.0,0.0,0.0,0.0,0.0,0.0,0.74,5.8,231.0,0.0,0.354,0.573,0.35200000000000004,60.0,85.0,3 oz,159.0,.5 fillet,0.0,1.2864992652226692,0.45045045045045046,0.0,0.0,0.16216216216216214,1.2612612612612613,2.024151811385854,0.984984984984985,0.0,0.6306306306306306,0.48048048048048053,0.8888888888888888,6.966966966966967,5,4,3,2,3,0.13054054054054054,0.8122522522522522,0.0,0.9427927927927927,0.0,6
4490,15036,"HALIBUT,ATLANTIC&PACIFIC,RAW",80.34,91,18.56,1.33,1.29,0.0,0.0,0.0,7.0,0.16,23.0,236.0,435.0,68.0,0.36,0.023,0.011000000000000001,45.6,0.0,0.05,0.03,6.513,0.34299999999999997,0.5479999999999999,12.0,0.0,12.0,12.0,61.8,1.1,67.0,20.0,20.0,0.0,0.0,0.0,0.0,0.0,0.61,4.7,190.0,0.0,0.292,0.47100000000000003,0.29,49.0,85.0,3 oz,204.0,.5 fillet,0.0,1.2819239861793055,0.4395604395604396,0.0,0.0,0.15384615384615385,1.263736263736264,2.034136076689268,0.9963369963369965,0.0,0.6593406593406593,0.48840048840048844,0.8937728937728937,6.886446886446887,5,4,3,2,3,0.13153846153846155,0.8158241758241758,0.0,0.9473626373626374,0.0,6
4502,15048,"MACKEREL,JACK,CND,DRND SOL",69.17,156,23.19,6.3,1.73,0.0,0.0,0.0,241.0,2.04,37.0,301.0,194.0,379.0,1.02,0.147,0.04,37.7,0.9,0.04,0.212,6.18,0.305,0.21,5.0,0.0,5.0,5.0,85.0,6.94,433.0,130.0,130.0,0.0,0.0,0.0,0.0,0.0,1.03,7.3,292.0,0.1,1.857,2.225,1.651,79.0,28.0,"1 oz, boneless",190.0,1 cup,0.0,1.7334030429775111,3.269230769230769,0.0,0.0,3.0897435897435894,1.185897435897436,0.5291871249318058,3.239316239316239,0.12820512820512822,0.16025641025641027,1.8518518518518516,0.8803418803418803,6.239316239316239,7,6,5,3,3,0.36346153846153845,0.5946153846153847,0.0,0.958076923076923,0.0,6
4524,15070,"ROCKFISH,PACIFIC,MXD SP,RAW",79.08,90,18.36,1.34,1.31,0.0,0.0,0.0,14.0,0.3,27.0,205.0,386.0,74.0,0.36,0.034,0.011000000000000001,63.0,0.0,0.023,0.187,2.3930000000000002,0.33299999999999996,0.21,9.0,0.0,9.0,9.0,65.0,1.39,15.0,4.0,4.0,0.0,0.0,0.0,0.0,0.0,0.36,3.8,151.0,0.0,0.34700000000000003,0.385,0.401,50.0,85.0,3 oz,191.0,1 fillet,0.0,1.123123194116102,0.8333333333333334,0.0,0.0,0.3111111111111111,1.5000000000000002,1.8250591016548465,1.0962962962962963,0.0,0.5,0.09876543209876544,0.5333333333333333,5.629629629629629,5,4,3,1,3,0.134,0.816,0.0,0.95,0.0,1
4525,15071,"ROCKFISH,PACIFIC,MXD SP,CKD,DRY HEAT",74.67,109,22.23,1.62,1.59,0.0,0.0,0.0,17.0,0.36,33.0,248.0,467.0,89.0,0.43,0.040999999999999995,0.013000000000000001,76.2,0.0,0.027000000000000003,0.226,2.897,0.40399999999999997,0.24100000000000002,10.0,0.0,10.0,10.0,78.7,1.59,16.0,5.0,5.0,0.0,0.0,0.0,0.0,0.0,0.44,4.6,183.0,0.0,0.42,0.466,0.485,61.0,149.0,1 fillet,85.0,3 oz,0.0,1.1200316654737894,0.8256880733944953,0.0,0.0,0.3119266055045872,1.5137614678899083,1.8231504977552215,1.0886850152905199,0.0,0.45871559633027525,0.10193679918450561,0.5382262996941896,5.626911314984709,5,4,3,1,3,0.13376146788990828,0.8157798165137615,0.0,0.9495412844036698,0.0,1
4898,16238,"SILK LT PLN,SOYMILK",92.77,29,2.47,0.82,0.64,3.29,0.4,2.47,123.0,0.44,16.0,0.0,123.0,49.0,0.25,0.0,0.0,2.3,0.0,0.0,0.21,0.0,0.0,0.0,10.0,0.0,10.0,0.0,0.0,1.23,206.0,0.0,0.0,0.0,0.0,0.0,0.0,0.0,0.0,1.2,49.0,0.0,0.0,0.0,0.0,0.0,243.0,1 cup,0.0,0,0.0,2.4806657141753874,3.793103448275862,0.7259528130671505,3.5488505747126435,8.482758620689655,2.758620689655172,1.8048422597212033,2.2528735632183903,0.0,1.7241379310344829,0.0,0.0,5.517241379310344,7,6,6,4,4,0.25448275862068964,0.34068965517241384,0.39862068965517244,0.9937931034482759,0.34068965517241384,2
8234,35180,"STEELHEAD TROUT,DRIED,FLESH (SHOSHONE BANNOCK)",6.49,382,77.27,8.06,10.58,0.0,0.0,0.0,85.0,2.96,84.0,976.0,1720.0,2850.0,1.79,0.217,0.079,105.0,0.0,0.0,0.0,0.0,0.0,0.0,0.0,0.0,0.0,0.0,0.0,22.4,213.0,64.0,64.0,0.0,0.0,0.0,0.0,0.0,2.41,15.7,628.0,0.0,0.8290000000000001,1.228,1.739,227.0,0.0,0,0.0,0,0.0,1.2091109378287723,1.9371727748691099,0.0,0.0,0.44502617801047123,1.0994764397905759,1.916007574913668,9.947643979057592,0.0,0.0,0.37230948225712623,0.8411867364746947,5.479930191972077,5,5,4,1,3,0.1898952879581152,0.809109947643979,0.0,0.9990052356020942,0.0,6
4483,15029,"FLATFISH (FLOUNDER&SOLE SP),CKD,DRY HEAT",81.11,86,15.24,2.37,1.49,0.0,0.0,0.0,25.0,0.23,22.0,309.0,197.0,363.0,0.39,0.023,0.017,32.6,0.0,0.026000000000000002,0.025,1.278,0.22699999999999998,0.115,6.0,0.0,6.0,6.0,79.9,1.31,37.0,12.0,12.0,0.0,0.0,0.0,0.0,0.0,0.77,3.5,139.0,0.1,0.542,0.657,0.45899999999999996,56.0,127.0,1 fillet,85.0,3 oz,0.0,1.0782904502721427,0.6686046511627908,0.0,0.0,0.5813953488372093,1.2790697674418605,0.9747649678377042,5.627906976744186,0.0,0.3488372093023256,0.310077519379845,1.1937984496124032,5.426356589147288,6,4,3,1,3,0.2480232558139535,0.7088372093023256,0.0,0.9568604651162791,0.0,1
4889,16225,"SOYMILK,ORIGINAL & VANILLA,LT,W/ ADDED CA,VITAMINS A & D",92.69,30,2.38,0.77,0.64,3.51,0.3,2.61,123.0,0.43,15.0,87.0,117.0,48.0,0.23,0.086,0.0,2.3,0.0,0.037000000000000005,0.201,0.222,0.0,0.016,9.0,0.0,9.0,9.0,12.3,1.0,204.0,61.0,61.0,0.0,1.0,0.0,0.0,0.0,0.06,1.2,47.0,1.6,0.005,0.20199999999999999,0.426,0.0,243.0,1 cup,0.0,0,0.0,2.8087742109410647,3.5833333333333335,0.5263157894736843,3.625,8.200000000000001,2.5,1.6595744680851063,2.1333333333333333,0.0,1.5,4.518518518518519,0.26666666666666666,5.333333333333334,8,7,7,5,4,0.23099999999999998,0.3173333333333333,0.428,0.9763333333333333,0.348,2
4482,15028,"FLATFISH (FLOUNDER&SOLE SP),RAW",84.63,70,12.41,1.93,1.22,0.0,0.0,0.0,21.0,0.18,18.0,252.0,160.0,296.0,0.32,0.019,0.013999999999999999,26.6,0.0,0.022000000000000002,0.02,1.04,0.185,0.098,5.0,0.0,5.0,5.0,65.0,1.13,33.0,10.0,10.0,0.0,0.0,0.0,0.0,0.0,0.63,2.8,113.0,0.1,0.441,0.535,0.374,45.0,28.0,"1 oz, boneless",163.0,1 fillet,0.0,1.0709152313407633,0.6428571428571428,0.0,0.0,0.6,1.2857142857142856,0.972644376899696,5.638095238095238,0.0,0.35714285714285715,0.31746031746031744,1.2,5.333333333333332,6,4,3,1,3,0.24814285714285716,0.7091428571428572,0.0,0.9572857142857143,0.0,1
4571,15117,"TUNA,FRESH,BLUEFIN,RAW",68.09,144,23.33,4.9,1.18,0.0,0.0,0.0,8.0,1.02,50.0,254.0,252.0,39.0,0.6,0.086,0.015,36.5,0.0,0.24100000000000002,0.251,8.654,1.054,0.455,2.0,0.0,2.0,2.0,65.0,9.43,2183.0,655.0,655.0,0.0,0.0,0.0,0.0,0.0,1.0,5.7,227.0,0.0,1.2570000000000001,1.6,1.433,38.0,85.0,3 oz,0.0,0,0.0,2.0635884554767534,1.7708333333333335,0.0,0.0,0.11111111111111112,1.7361111111111112,0.7446808510638299,0.3611111111111111,0.0,0.06944444444444445,10.108024691358025,0.9259259259259259,5.277777777777779,6,5,4,2,4,0.30625,0.6480555555555555,0.0,0.9543055555555555,0.0,6
524,3840,"INF FORMULA, AB NUT, SIM, SP CA, ADV 24,W/ IR, RT,W/ AR & DH",85.61,71,1.8,3.26,0.6,8.73,0.0,8.3,141.0,1.41,9.0,79.0,101.0,34.0,1.18,0.196,0.009000000000000001,1.4,29.1,0.196,0.48700000000000004,3.927,1.492,0.196,29.0,29.0,0.0,49.0,7.0,0.43,982.0,294.0,294.0,0.0,0.0,0.0,0.0,0.0,2.11,2.7,106.0,9.4,2.12,0.324,0.737,2.0,30.0,1 fl oz,0.0,0,0.0,3.956073319348717,4.964788732394366,0.0,4.870892018779344,3.971830985915493,0.6338028169014085,0.6053341324543003,0.6384976525821597,9.107981220657278,2.0422535211267605,9.201877934272302,3.962441314553991,5.070422535211269,9,7,7,7,4,0.41323943661971824,0.10140845070422536,0.49183098591549296,1.0064788732394365,0.46760563380281694,2
523,3839,"INF FORMULA, ABB NUT,SIMI,NAT CA,AD,RTF,W/ ARA & DHA",85.07,78,2.12,4.24,0.75,8.2,0.0,8.2,163.0,0.29,9.0,91.0,101.0,34.0,1.17,0.195,0.009000000000000001,1.4,28.9,0.195,0.484,3.9019999999999997,1.483,0.195,29.0,29.0,0.0,49.0,6.0,0.43,973.0,292.0,292.0,0.0,0.0,0.0,0.0,0.0,2.09,2.9,117.0,9.4,2.544,0.402,0.8420000000000001,2.0,30.0,1 fl oz,0.0,0,0.0,3.317850215190641,0.9294871794871794,0.0,4.38034188034188,4.17948717948718,0.5769230769230769,0.5510092744135298,0.5811965811965812,8.233618233618232,1.8589743589743588,8.31908831908832,3.572649572649573,4.957264957264957,9,7,6,5,4,0.4892307692307693,0.10871794871794872,0.42051282051282046,1.0184615384615385,0.42051282051282046,2
4899,16239,"SILK LT VANILLA,SOYMILK",91.95,33,2.47,0.82,0.64,4.12,0.4,2.88,123.0,0.44,16.0,0.0,123.0,39.0,0.25,0.0,0.0,2.3,0.0,0.0,0.21,0.0,0.0,0.0,10.0,0.0,10.0,0.0,0.0,1.23,206.0,0.0,0.0,0.0,0.0,0.0,0.0,0.0,0.0,1.2,49.0,0.0,0.0,0.0,0.0,0.0,243.0,1 cup,0.0,0,0.0,2.1799789609420066,3.333333333333333,0.6379585326953747,3.6363636363636362,7.454545454545454,2.4242424242424243,1.586073500967118,1.5757575757575757,0.0,1.5151515151515151,0.0,0.0,4.848484848484849,7,6,6,4,4,0.22363636363636363,0.29939393939393943,0.4509090909090909,0.973939393939394,0.34909090909090906,2
4887,16222,"SOYMILK (ALL FLAVORS),UNSWTND,W/ ADDED CA,VITAMINS A & D",93.14,33,2.86,1.61,0.64,1.74,0.5,0.41,124.0,0.46,16.0,32.0,120.0,37.0,0.0,0.08199999999999999,0.0,0.0,0.0,0.154,0.207,0.165,0.08199999999999999,0.049,0.0,0.0,0.0,0.0,0.0,1.11,207.0,0.0,0.0,0.0,0.0,0.0,0.0,0.0,0.0,1.2,49.0,0.0,0.20600000000000002,0.392,1.0090000000000001,0.0,243.0,1 cup,0.0,0,0.0,2.0617564220027824,3.484848484848485,0.7974481658692184,0.5176767676767676,7.515151515151515,2.4242424242424243,1.5473887814313345,1.4949494949494948,0.0,0.0,0.0,0.0,4.848484848484849,6,6,5,4,4,0.4390909090909091,0.3466666666666667,0.1503030303030303,0.936060606060606,0.04969696969696969,6
4893,16230,"SOYMILK (ALL FLAVORS),NONFAT,W/ ADDED CA,VITAMINS A & D",92.67,28,2.47,0.04,0.64,4.14,0.2,3.65,116.0,0.35,10.0,87.0,105.0,57.0,0.1,0.125,0.0,1.8,0.0,0.022000000000000002,0.174,0.32299999999999995,0.0,0.024,7.0,0.0,7.0,7.0,17.9,0.23,206.0,61.0,61.0,0.0,1.0,0.0,0.0,0.0,0.08,1.0,41.0,2.3,0.0,0.0,0.036000000000000004,0.0,243.0,1 cup,0.0,0,0.0,2.640224008603068,3.1249999999999996,0.37593984962406013,5.431547619047619,8.285714285714286,1.7857142857142858,1.5957446808510638,2.714285714285714,0.0,1.25,4.841269841269842,0.38095238095238093,4.761904761904762,7,7,7,4,4,0.012857142857142857,0.35285714285714287,0.5628571428571428,0.9285714285714286,0.5214285714285715,2
4324,14316,"MALTED DRK MIX,CHOC,W/ ADDED NUTR,PDR,PREP W/ WHL MILK",81.26,87,3.29,3.26,0.99,11.19,0.4,10.49,139.0,1.42,17.0,109.0,217.0,87.0,0.43,0.07400000000000001,0.054000000000000006,3.6,12.0,0.287,0.484,4.164,0.39799999999999996,0.38299999999999995,5.0,0.0,5.0,5.0,13.6,0.42,1199.0,357.0,357.0,0.0,6.0,0.0,0.0,1.0,0.07,3.1,123.0,0.3,1.8730000000000002,0.823,0.205,10.0,265.0,"1 cup,  (8 fl oz)",0.0,0,0.0,2.6885743951465852,4.080459770114943,0.24198427102238357,5.023946360153257,3.195402298850575,0.9770114942528737,1.0613842015162631,1.3333333333333335,3.0651340996168583,0.2873563218390805,9.118773946360154,0.10727969348659006,4.75095785440613,7,7,6,5,4,0.33724137931034476,0.15126436781609195,0.49609195402298845,0.9845977011494251,0.48229885057471267,2
77,1085,"MILK,NONFAT,FLUID,W/ ADDED VIT A & VIT D (FAT FREE OR SKIM)",90.84,34,3.37,0.08,0.75,4.96,0.0,5.09,122.0,0.03,11.0,101.0,156.0,42.0,0.42,0.013000000000000001,0.003,3.1,0.0,0.045,0.182,0.094,0.35700000000000004,0.037000000000000005,5.0,0.0,5.0,5.0,15.6,0.5,204.0,61.0,61.0,0.0,0.0,0.0,0.0,0.0,0.01,1.2,47.0,0.0,0.055999999999999994,0.022000000000000002,0.003,2.0,245.0,1 cup,30.6,1 fl oz,0.0,2.043446669447921,0.2205882352941176,0.0,6.237745098039214,7.1764705882352935,1.6176470588235292,1.9524405506883602,1.6470588235294117,0.0,0.7352941176470588,3.9869281045751634,0.039215686274509796,4.705882352941177,6,5,5,3,4,0.021176470588235293,0.39647058823529413,0.5835294117647059,1.0011764705882353,0.5988235294117646,2
8456,42290,"MILK,FLUID,NONFAT,CA FORT (FAT FREE OR SKIM)",90.8,35,3.4,0.18,0.77,4.85,0.0,4.85,204.0,0.04,11.0,101.0,166.0,52.0,0.4,0.011000000000000001,0.0,2.1,1.0,0.036000000000000004,0.14,0.08800000000000001,0.0,0.04,5.0,0.0,5.0,5.0,16.0,0.38,458.0,137.0,137.0,0.0,0.0,0.0,0.0,0.0,0.01,1.2,47.0,0.0,0.11699999999999999,0.047,0.006999999999999999,2.0,247.0,1 cup,30.9,1 fl oz,0.0,2.853252279635258,0.2857142857142857,0.0,5.773809523809523,11.657142857142855,1.5714285714285714,2.018237082066869,1.9809523809523806,0.6349206349206349,0.7142857142857143,8.698412698412698,0.03809523809523809,4.571428571428571,7,5,5,4,4,0.046285714285714284,0.38857142857142857,0.5542857142857143,0.9891428571428571,0.5542857142857143,2
4573,15119,"TUNA,LT,CND IN OIL,DRND SOL",59.83,198,29.13,8.21,2.76,0.0,0.0,0.0,13.0,1.39,31.0,311.0,207.0,416.0,0.9,0.071,0.015,76.0,0.0,0.038,0.12,12.4,0.37,0.11,5.0,0.0,5.0,5.0,29.3,2.2,77.0,23.0,23.0,0.0,0.0,0.0,0.0,0.0,0.87,6.7,269.0,44.0,1.534,2.949,2.885,18.0,146.0,"1 cup, solid or chunks",28.35,1 oz,0.0,0.8596108842562742,1.7550505050505047,0.0,0.0,0.1313131313131313,0.7828282828282828,0.4448742746615087,2.801346801346801,0.0,0.12626262626262627,0.25813692480359146,0.5858585858585859,4.511784511784511,4,3,2,1,1,0.3731818181818183,0.5884848484848485,0.0,0.9616666666666668,0.0,1
4926,16274,"VITASOY USA ORGANIC NASOYA,TOFU PLUS FIRM",84.5,74,8.4,3.4,1.2,2.5,0.8,0.3,237.0,1.3,0.0,121.0,0.0,4.0,0.0,0.0,0.0,0.0,0.0,0.0,0.4,0.0,0.0,0.5,0.0,0.0,0.0,0.0,0.0,1.43,0.0,0.0,0.0,0.0,0.0,0.0,0.0,0.0,0.0,2.5,101.0,0.0,0.3,1.1,2.1,0.0,85.0,3 oz,0.0,0,0.0,1.5870791844476053,4.391891891891892,0.5689900426742532,0.16891891891891891,6.405405405405405,0.0,0.0,0.07207207207207207,0.0,0.0,0.0,0.0,4.504504504504505,4,3,3,3,3,0.4135135135135135,0.4540540540540541,0.09189189189189188,0.9594594594594594,0.016216216216216217,6
4181,14043,"BEV,NEST,CARN BRKFS ESSEN ,RTD,RH MIK CHOC FLAVOR,NO SUG AD",86.15,45,3.86,1.49,3.75,4.75,0.6,3.56,149.0,1.34,36.0,149.0,160.0,71.0,1.11,0.149,7.425,13.8,24.9,0.111,0.126,1.485,0.743,0.149,30.0,30.0,0.0,50.0,0.0,0.45,668.0,200.0,200.0,0.0,0.0,0.0,0.0,0.0,1.04,1.5,59.0,7.4,0.446,0.33899999999999997,0.628,3.0,337.0,11 fl oz,0.0,0,0.0,5.101722588583358,7.4444444444444455,0.7017543859649124,3.2962962962962967,6.622222222222222,4.0,1.513002364066194,2.1037037037037036,12.296296296296298,3.3333333333333335,9.876543209876543,3.0814814814814815,4.444444444444445,10,9,9,8,5,0.298,0.3431111111111111,0.36888888888888893,1.01,0.3164444444444445,3
193,1226,"EGG SUB,LIQ OR FRZ,FAT FREE",87.0,48,10.0,0.0,1.3,2.0,0.0,2.0,73.0,1.98,15.0,72.0,213.0,199.0,0.98,0.022000000000000002,0.006,41.3,0.5,0.12,0.386,0.14,1.66,0.133,16.0,0.0,16.0,16.0,2.5,0.34,225.0,11.0,0.0,0.0,135.0,0.0,0.0,0.0,1.59,1.6,66.0,0.2,0.0,0.0,0.0,0.0,60.0,.25 cup,240.0,1 cup,0.0,2.7760983057525612,10.3125,0.0,1.736111111111111,3.0416666666666665,1.5625,1.8882978723404256,5.527777777777777,0.23148148148148148,1.6666666666666667,0.5092592592592593,4.416666666666667,4.444444444444445,8,7,7,4,4,0.0,0.8333333333333334,0.16666666666666666,1.0,0.16666666666666666,0
4514,15060,"PERCH,MIXED SPECIES,RAW",79.13,91,19.39,0.92,1.24,0.0,0.0,0.0,80.0,0.9,30.0,200.0,269.0,62.0,1.11,0.15,0.7,12.6,1.7,0.07,0.1,1.52,0.75,0.12,5.0,0.0,5.0,5.0,65.0,1.9,30.0,9.0,9.0,0.0,0.0,0.0,0.0,0.0,0.2,3.0,118.0,0.1,0.185,0.152,0.368,90.0,60.0,1 fillet,85.0,3 oz,0.0,1.2735302522536567,2.4725274725274726,0.0,0.0,1.7582417582417584,1.6483516483516483,1.2578910451250878,0.9084249084249084,0.41514041514041516,0.27472527472527475,0.2197802197802198,0.29304029304029305,4.395604395604396,5,5,5,2,3,0.09098901098901101,0.8523076923076923,0.0,0.9432967032967033,0.0,6
78,1086,"MILK,NONFAT,FLUID,W/ ADDED NONFAT MILK SOL,VIT A & VIT D",90.38,37,3.57,0.25,0.78,5.02,0.0,5.02,129.0,0.05,15.0,104.0,171.0,53.0,0.41,0.011000000000000001,0.002,2.2,1.0,0.040999999999999995,0.175,0.091,0.33899999999999997,0.046,5.0,0.0,5.0,5.0,16.0,0.39,214.0,64.0,64.0,0.0,0.0,0.0,0.0,0.0,0.01,1.2,49.0,0.0,0.162,0.065,0.009000000000000001,2.0,245.0,1 cup,30.6,1 fl oz,0.0,2.0784965816880714,0.3378378378378379,0.0,5.653153153153153,6.972972972972974,2.027027027027027,1.9666474985623923,1.9099099099099102,0.6006006006006006,0.6756756756756758,3.843843843843844,0.036036036036036036,4.324324324324325,7,5,5,4,4,0.060810810810810814,0.38594594594594595,0.5427027027027027,0.9894594594594595,0.5427027027027027,2
4703,15261,"FISH,TILAPIA,RAW",78.08,96,20.08,1.7,0.93,0.0,0.0,0.0,10.0,0.56,27.0,170.0,302.0,52.0,0.33,0.075,0.037000000000000005,41.8,0.0,0.040999999999999995,0.063,3.903,0.48700000000000004,0.162,24.0,0.0,24.0,24.0,42.5,1.58,0.0,0.0,0.0,0.0,0.0,0.0,0.0,0.0,0.4,3.1,124.0,1.4,0.585,0.498,0.363,50.0,116.0,1 fillet,0.0,0,0.0,1.0522680260047281,1.4583333333333335,0.0,0.0,0.20833333333333334,1.40625,1.3386524822695036,0.7222222222222222,0.0,1.25,0.0,0.5555555555555556,4.305555555555555,6,5,5,1,3,0.159375,0.8366666666666666,0.0,0.9960416666666665,0.0,1
4454,14654,"BEVERAGES,NUTRITIONAL SHAKE MIX,HI PROT,PDR",8.3,392,53.57,10.71,7.03,20.38,0.0,3.57,714.0,22.5,500.0,1429.0,1000.0,1214.0,18.75,2.5,125.0,87.5,75.0,2.1430000000000002,2.125,25.0,12.5,2.5,571.0,571.0,0.0,971.0,179.7,6.43,6250.0,1875.0,1875.0,0.0,0.0,0.0,0.0,0.0,16.88,12.5,500.0,125.0,0.0,2.907,7.268,0.0,10.0,1 tbsp,20.0,1 serving,0.0,5.263400998697351,14.349489795918366,0.0,0.3794642857142857,3.6428571428571423,6.377551020408163,1.0855405992184108,4.129251700680272,4.2517006802721085,7.283163265306122,10.629251700680273,5.741496598639455,4.2517006802721085,9,9,9,8,5,0.2458928571428572,0.5466326530612244,0.20795918367346938,1.000484693877551,0.03642857142857143,5
779,4690,"VEG OIL SPRD,37% FAT,UNSPEC OILS,W/ SALT,W/ ADDED VITAMIN D",59.55,339,0.51,37.77,1.52,0.66,0.0,0.0,6.0,0.02,1.0,5.0,34.0,589.0,0.02,0.0,0.0,0.0,0.1,0.011000000000000001,0.005,0.0,0.696,0.0,1.0,0.0,1.0,1.0,12.4,0.06,4322.0,1297.0,1297.0,0.0,0.0,0.0,0.0,0.0,13.45,10.7,429.0,74.6,8.637,13.958,12.735,0.0,14.0,1 tbsp,0.0,0,0.0,1.812953548540067,0.014749262536873156,0.0,0.0,0.035398230088495575,0.014749262536873156,0.04267871712797339,2.31661750245821,0.006555227794165847,0.014749262536873156,8.502130449033103,5.290068829891838,4.2084562438544735,3,3,3,3,3,1.0027433628318585,0.006017699115044248,0.007787610619469027,1.0165486725663717,0.0,6
84,1092,"MILK,DRY,NONFAT,INST,W/ ADDED VIT A & VITAMIN D",3.96,358,35.1,0.72,8.03,52.19,0.0,52.19,1231.0,0.31,117.0,985.0,1705.0,549.0,4.41,0.040999999999999995,0.02,27.3,5.6,0.413,1.744,0.8909999999999999,3.235,0.345,50.0,0.0,50.0,50.0,167.8,3.99,2365.0,709.0,709.0,0.0,1.0,0.0,0.0,0.0,0.01,11.0,440.0,0.0,0.467,0.187,0.027999999999999997,18.0,68.0,1 cup,91.0,"1 envelope,  (1-1/3 cup)",0.0,2.030176512540117,0.2164804469273743,0.0,6.07425512104283,6.87709497206704,1.6340782122905029,2.0266254605966956,2.0446927374301676,0.34761018001241467,0.6983240223463687,4.4009931719428925,0.0037243947858473,4.0968342644320295,6,5,5,4,4,0.018100558659217877,0.3921787709497207,0.5831284916201117,0.9934078212290502,0.5831284916201117,2
4214,14083,"BEVERAGES,CHOC MALT,PDR,PREP W/ FAT FREE MILK",86.95,49,3.25,0.17,0.98,8.64,0.0,7.77,234.0,0.74,20.0,97.0,158.0,77.0,0.97,0.08900000000000001,0.0,2.0,3.3,0.09300000000000001,0.134,0.865,0.35700000000000004,0.11599999999999999,5.0,0.0,5.0,5.0,0.0,0.36,458.0,137.0,137.0,0.0,0.0,0.0,0.0,0.0,0.54,1.5,60.0,0.0,0.11199999999999999,0.045,0.006999999999999999,2.0,256.0,1 serving,0.0,0,0.0,3.0510445312876926,3.7755102040816326,0.0,6.607142857142857,9.551020408163266,2.0408163265306123,1.372123317412071,2.0952380952380953,1.4965986394557822,0.5102040816326531,6.213151927437642,1.469387755102041,4.081632653061225,9,8,8,5,4,0.031224489795918367,0.2653061224489796,0.7053061224489796,1.0018367346938777,0.6342857142857142,2
136,1154,"MILK,DRY,NONFAT,REG,W/ ADDED VIT A & VITAMIN D",3.16,362,36.16,0.77,7.93,51.98,0.0,51.98,1257.0,0.32,110.0,968.0,1794.0,535.0,4.08,0.040999999999999995,0.02,27.3,6.8,0.415,1.55,0.951,3.568,0.361,50.0,0.0,50.0,50.0,169.2,4.03,2179.0,653.0,653.0,0.0,1.0,0.0,0.0,0.0,0.0,11.0,440.0,0.1,0.499,0.2,0.03,20.0,30.0,.25 cup,120.0,1 cup,0.0,1.9962135757480766,0.22099447513812157,0.0,5.982965009208103,6.944751381215469,1.5193370165745859,2.1088515340307983,1.9705340699815839,0.41743400859422963,0.6906077348066298,4.008594229588705,0.0,4.051565377532228,6,5,5,4,3,0.01914364640883978,0.3995580110497237,0.5743646408839779,0.9930662983425413,0.5743646408839779,2
4891,16228,"SOYMILK,ORIGINAL & VANILLA,LT,UNSWTND,W/ ADDED CA,VIT A & D",92.03,34,2.62,0.85,0.64,3.85,0.6,0.41,123.0,0.46,13.0,103.0,117.0,63.0,0.1,0.0,0.0,0.0,0.0,0.0,0.174,0.0,0.0,0.0,7.0,0.0,7.0,0.0,0.0,0.23,206.0,0.0,0.0,0.0,0.0,0.0,0.0,0.0,0.0,1.0,41.0,0.0,0.078,0.263,0.5579999999999999,0.0,243.0,1 cup,0.0,0,0.0,1.9873515139538458,3.3823529411764706,0.9287925696594427,0.5024509803921567,7.235294117647058,1.9117647058823528,1.4643304130162702,2.4705882352941178,0.0,1.0294117647058825,0.0,0.0,3.9215686274509802,7,7,6,3,3,0.22499999999999998,0.30823529411764705,0.38235294117647056,0.9155882352941176,0.04823529411764706,6
4902,16242,"SILK PLUS FOR BONE HEALTH,SOYMILK",90.92,41,2.47,1.44,0.64,4.53,0.8,2.88,165.0,0.44,16.0,0.0,123.0,39.0,0.25,0.0,0.0,2.3,0.0,0.0,0.21,0.0,0.0,0.0,10.0,0.0,10.0,0.0,0.0,1.23,206.0,0.0,0.0,0.0,0.0,0.0,0.0,0.0,0.0,1.2,49.0,0.0,0.20600000000000002,0.0,0.0,0.0,243.0,1 cup,0.0,0,0.0,2.0108431431458773,2.6829268292682924,1.0269576379974326,2.926829268292683,8.048780487804878,1.951219512195122,1.2765957446808511,1.268292682926829,0.0,1.2195121951219512,0.0,0.0,3.902439024390244,7,7,7,3,4,0.31609756097560976,0.24097560975609758,0.3639024390243903,0.9209756097560977,0.28097560975609753,2
4903,16243,"SILK PLUS FIBER,SOYMILK",89.69,41,2.47,1.44,0.64,5.76,2.1,2.88,123.0,0.44,16.0,0.0,123.0,39.0,0.25,0.0,0.0,2.3,0.0,0.0,0.21,0.0,0.0,0.0,10.0,0.0,10.0,0.0,0.0,1.23,206.0,0.0,0.0,0.0,0.0,0.0,0.0,0.0,0.0,1.2,49.0,0.0,0.20600000000000002,0.0,0.0,0.0,243.0,1 cup,0.0,0,0.0,1.972845710539972,2.6829268292682924,2.695763799743261,2.926829268292683,6.0,1.951219512195122,1.2765957446808511,1.268292682926829,0.0,1.2195121951219512,0.0,0.0,3.902439024390244,7,7,7,4,3,0.31609756097560976,0.24097560975609758,0.3570731707317073,0.9141463414634147,0.28097560975609753,2
4895,16235,"SILK PLN,SOYMILK",91.53,41,2.88,1.65,0.65,3.29,0.4,2.47,123.0,0.44,16.0,0.0,123.0,49.0,0.25,0.0,0.0,2.3,0.0,0.0,0.21,0.0,0.0,0.0,10.0,0.0,10.0,0.0,0.0,1.23,206.0,0.0,0.0,0.0,0.0,0.0,0.0,0.0,0.0,1.2,49.0,0.0,0.20600000000000002,0.0,0.0,0.0,243.0,1 cup,0.0,0,0.0,1.7546172124655175,2.6829268292682924,0.5134788189987163,2.5101626016260163,6.0,1.951219512195122,1.2765957446808511,1.5934959349593494,0.0,1.2195121951219512,0.0,0.0,3.902439024390244,7,6,6,3,3,0.3621951219512195,0.28097560975609753,0.28195121951219515,0.9251219512195121,0.24097560975609758,2
4896,16236,"SILK VANILLA,SOYMILK",91.32,41,2.47,1.44,0.65,4.12,0.4,2.88,123.0,0.44,16.0,0.0,123.0,39.0,0.25,0.0,0.0,2.3,0.0,0.0,0.21,0.0,0.0,0.0,10.0,0.0,10.0,0.0,0.0,1.23,206.0,0.0,0.0,0.0,0.0,0.0,0.0,0.0,0.0,1.2,49.0,0.0,0.20600000000000002,0.0,0.0,0.0,243.0,1 cup,0.0,0,0.0,1.7546172124655175,2.6829268292682924,0.5134788189987163,2.926829268292683,6.0,1.951219512195122,1.2765957446808511,1.268292682926829,0.0,1.2195121951219512,0.0,0.0,3.902439024390244,7,6,6,3,3,0.31609756097560976,0.24097560975609758,0.3629268292682927,0.9200000000000002,0.28097560975609753,2
4704,15262,"FISH,TILAPIA,CKD,DRY HEAT",71.59,128,26.15,2.65,1.14,0.0,0.0,0.0,14.0,0.69,34.0,204.0,380.0,56.0,0.41,0.075,0.037000000000000005,54.4,0.0,0.09300000000000001,0.073,4.745,0.664,0.12300000000000001,6.0,0.0,6.0,6.0,51.3,1.86,0.0,0.0,0.0,0.0,0.0,0.0,0.0,0.0,0.79,3.7,150.0,0.9,0.94,0.955,0.6,57.0,87.0,1 fillet,0.0,0,0.0,0.9069287455673759,1.3476562499999998,0.0,0.0,0.21875,1.328125,1.2632978723404256,0.5833333333333334,0.0,0.234375,0.0,0.8229166666666666,3.8541666666666665,5,5,4,1,1,0.18632812499999998,0.8171875,0.0,1.003515625,0.0,1
74,1082,"MILK,LOWFAT,FLUID,1% MILKFAT,W/ ADDED VIT A & VITAMIN D",89.92,42,3.37,0.97,0.75,4.99,0.0,5.2,125.0,0.03,11.0,95.0,150.0,44.0,0.42,0.01,0.003,3.3,0.0,0.02,0.185,0.09300000000000001,0.361,0.037000000000000005,5.0,0.0,5.0,5.0,17.7,0.47,196.0,58.0,58.0,0.0,2.0,0.0,0.0,0.0,0.01,1.2,48.0,0.1,0.633,0.27699999999999997,0.035,5.0,244.0,1 cup,30.5,1 fl oz,0.0,1.6465524034672967,0.17857142857142855,0.0,5.158730158730158,5.952380952380952,1.3095238095238095,1.519756838905775,1.3968253968253967,0.0,0.5952380952380952,3.0687830687830684,0.031746031746031744,3.8095238095238093,6,5,5,3,3,0.20785714285714288,0.320952380952381,0.47523809523809524,1.004047619047619,0.49523809523809526,2
4516,15062,"PIKE,NORTHERN,RAW",78.92,88,19.26,0.69,1.2,0.0,0.0,0.0,57.0,0.55,31.0,220.0,259.0,39.0,0.67,0.051,0.24,12.6,3.8,0.057999999999999996,0.063,2.3,0.75,0.11699999999999999,15.0,0.0,15.0,15.0,65.0,2.0,70.0,21.0,21.0,0.0,0.0,0.0,0.0,0.0,0.2,2.5,99.0,0.1,0.11800000000000001,0.157,0.20199999999999999,39.0,85.0,3 oz,198.0,.5 fillet,0.0,1.2304816784869979,1.5625000000000002,0.0,0.0,1.2954545454545456,1.7613636363636365,1.2524177949709865,0.5909090909090909,0.9595959595959597,0.8522727272727273,0.5303030303030304,0.3030303030303031,3.787878787878788,8,7,5,1,3,0.07056818181818181,0.8754545454545455,0.0,0.9460227272727273,0.0,6
188,1221,"YOGURT,VAN/LEM FLAV,NONFAT MILK,W/ LO-CAL SWTNR,FORT W/VIT D",87.43,43,3.86,0.18,1.0,7.5,0.0,7.5,143.0,0.12,13.0,109.0,177.0,59.0,0.67,0.079,0.0,3.1,1.1,0.034,0.162,0.086,0.0,0.037000000000000005,8.0,0.0,8.0,8.0,15.2,0.43,6.0,2.0,2.0,0.0,0.0,0.0,0.0,0.0,0.0,1.2,47.0,0.0,0.11599999999999999,0.049,0.005,2.0,170.0,"1 container,  (6 oz)",0.0,0,0.0,1.5935070647094398,0.6976744186046512,0.0,7.267441860465117,6.651162790697675,1.5116279069767444,1.7516081147946563,1.8294573643410854,0.5684754521963825,0.930232558139535,0.103359173126615,0.0,3.72093023255814,7,5,4,2,3,0.03767441860465116,0.3590697674418605,0.6976744186046512,1.0944186046511628,0.6976744186046512,7
2025,8504,"CEREALS RTE,RALSTON ENR WHEAT BRAN FLAKES",2.53,310,10.21,3.36,4.13,79.77,16.9,17.17,45.0,67.67,190.0,533.0,630.0,586.0,64.33,0.345,3.467,9.2,239.7,4.713,7.29,90.56700000000001,29.8,6.8,1379.0,0.0,0.0,0.0,31.2,20.69,1771.0,531.0,531.0,0.0,0.0,0.0,0.0,0.0,80.46,8.6,345.0,2.7,0.433,0.44299999999999995,1.383,0.0,29.0,"1 serving,  (NLEA serving size = 0.75 cup)",42.0,1 cup,0.0,5.459427566858119,54.572580645161295,2.8692699490662137,2.3077956989247315,0.29032258064516125,3.064516129032258,0.8647906657515443,2.520430107526882,17.18279569892473,22.241935483870968,3.8064516129032255,34.60645161290323,3.698924731182796,9,9,8,8,5,0.09754838709677419,0.13174193548387098,0.8112258064516129,1.040516129032258,0.2215483870967742,5
4925,16273,"VITASOY USA ORGANIC NASOYA,TOFU PLUS EX FIRM",81.8,92,9.3,4.9,1.3,2.7,1.0,0.4,246.0,1.6,0.0,129.0,0.0,7.0,0.0,0.0,0.0,0.0,0.0,0.0,0.44,0.0,0.0,0.5,0.0,0.0,0.0,0.0,0.0,1.45,0.0,0.0,0.0,0.0,0.0,0.0,0.0,0.0,0.0,2.5,101.0,0.0,0.6,1.3,3.0,0.0,85.0,3 oz,0.0,0,0.0,1.3890922959572847,4.347826086956522,0.5720823798627002,0.18115942028985507,5.3478260869565215,0.0,0.0,0.10144927536231885,0.0,0.0,0.0,0.0,3.623188405797101,4,3,3,3,3,0.47934782608695653,0.4043478260869566,0.07391304347826087,0.957608695652174,0.017391304347826087,6
4888,16223,"SOYMILK (ALL FLAVORS),ENHANCED",90.98,45,2.94,1.99,0.64,3.45,0.4,2.53,140.0,0.49,0.0,0.0,141.0,50.0,0.24,0.12300000000000001,0.0,2.3,7.2,0.062,0.19899999999999998,3.292,0.0,0.233,32.0,0.0,32.0,0.0,0.0,1.08,393.0,0.0,0.0,0.0,0.0,0.0,0.0,0.0,2.52,1.2,47.0,0.0,0.20600000000000002,0.41200000000000003,1.19,0.0,243.0,1 cup,0.0,0,0.0,2.8878947368421057,2.7222222222222223,0.46783625730994155,2.3425925925925926,6.222222222222223,0.0,1.3333333333333333,1.4814814814814816,3.555555555555556,3.555555555555556,0.0,7.466666666666668,3.555555555555556,7,7,7,6,4,0.398,0.2613333333333333,0.27111111111111114,0.9304444444444444,0.22488888888888886,2
4886,16219,"VITASOY USA,VITASOY LT VANILLA SOYMILK",92.74,30,1.6,0.82,0.74,4.1,0.1,2.9,123.0,0.3,10.0,0.0,82.0,49.0,0.37,0.0,0.0,0.0,0.0,0.02,0.14,0.0,0.0,0.0,10.0,0.0,10.0,0.0,0.0,0.37,124.0,0.0,0.0,0.0,0.0,0.0,0.0,0.0,0.0,0.8,33.0,0.0,0.18,0.2,0.4,0.0,243.0,1 cup,243.0,1 serving,0.0,1.8927448052756002,2.5,0.17543859649122806,4.027777777777778,8.200000000000001,1.6666666666666667,1.1631205673758864,2.1777777777777776,0.0,1.6666666666666667,0.0,0.0,3.555555555555556,6,6,6,3,3,0.246,0.21333333333333335,0.5333333333333333,0.9926666666666667,0.38666666666666666,2
4901,16241,"SILK PLUS OMEGA-3 DHA,SOYMILK",91.13,45,2.88,2.06,0.64,3.29,0.4,2.47,144.0,0.44,16.0,0.0,144.0,49.0,0.25,0.0,0.0,2.3,0.0,0.0,0.21,0.0,0.0,0.0,10.0,0.0,10.0,0.0,0.0,1.23,412.0,0.0,0.0,0.0,0.0,0.0,0.0,0.0,0.0,1.2,49.0,0.0,0.20600000000000002,0.0,0.0,0.0,243.0,1 cup,0.0,0,0.0,1.7118427273858405,2.4444444444444446,0.46783625730994155,2.287037037037037,6.3999999999999995,1.777777777777778,1.3617021276595744,1.4518518518518517,0.0,1.1111111111111112,0.0,0.0,3.555555555555556,6,6,6,3,3,0.412,0.256,0.2568888888888889,0.9248888888888889,0.21955555555555556,6
4494,15040,"HERRING,ATLANTIC,CKD,DRY HEAT",64.16,203,23.03,11.59,1.87,0.0,0.0,0.0,74.0,1.41,41.0,303.0,419.0,115.0,1.27,0.11800000000000001,0.04,46.8,0.7,0.11199999999999999,0.299,4.124,0.74,0.348,12.0,0.0,12.0,12.0,83.3,13.14,120.0,36.0,36.0,0.0,0.0,0.0,0.0,0.0,1.37,5.4,214.0,0.1,2.615,4.79,2.735,77.0,143.0,1 fillet,85.0,3 oz,0.0,0.9566601451047525,1.736453201970443,0.0,0.0,0.7290640394088669,1.0098522167487682,0.8783146420710617,0.7553366174055828,0.07662835249042145,0.29556650246305416,0.3940886699507389,0.8998357963875205,3.5467980295566504,6,5,3,1,1,0.5138423645320197,0.4537931034482759,0.0,0.9676354679802956,0.0,1
4493,15039,"HERRING,ATLANTIC,RAW",72.05,158,17.96,9.04,1.46,0.0,0.0,0.0,57.0,1.1,32.0,236.0,327.0,90.0,0.99,0.092,0.035,36.5,0.7,0.092,0.233,3.217,0.645,0.302,10.0,0.0,10.0,10.0,65.0,13.67,93.0,28.0,28.0,0.0,0.0,0.0,0.0,0.0,1.07,4.2,167.0,0.1,2.04,3.736,2.133,60.0,28.0,"1 oz, boneless",184.0,1 fillet,0.0,0.961135051021935,1.7405063291139242,0.0,0.0,0.7215189873417722,1.0126582278481013,0.8806894694317263,0.7594936708860759,0.09845288326300984,0.31645569620253167,0.39381153305203936,0.9029535864978903,3.5443037974683547,6,5,3,1,1,0.5149367088607594,0.4546835443037975,0.0,0.9696202531645568,0.0,1
8546,43369,"CHOCOLATE-FLAVORED DRK,WHEY&MILK BSD",87.63,49,0.64,0.4,0.58,10.68,0.6,8.68,100.0,0.33,11.0,24.0,79.0,91.0,0.16,0.07400000000000001,0.073,0.7,2.0,0.01,0.051,0.106,0.08199999999999999,0.011000000000000001,1.0,0.0,1.0,1.0,3.3,0.06,200.0,60.0,60.0,0.0,0.0,0.0,0.0,1.0,0.01,1.3,50.0,0.1,0.31,0.049,0.009000000000000001,0.0,244.0,1 cup,30.5,1 fl oz,0.0,1.5513069654886962,1.683673469387755,0.644468313641246,7.3809523809523805,4.081632653061225,1.1224489795918366,0.6860616587060355,2.4761904761904763,0.9070294784580499,0.10204081632653061,2.7210884353741496,0.027210884353741496,3.5374149659863945,8,6,5,3,3,0.07346938775510205,0.052244897959183675,0.8228571428571428,0.9485714285714286,0.7085714285714285,7
4568,15114,"TROUT,MIXED SPECIES,RAW",71.42,148,20.77,6.61,1.17,0.0,0.0,0.0,43.0,1.5,22.0,245.0,361.0,52.0,0.66,0.188,0.851,12.6,0.5,0.35,0.33,4.5,1.94,0.2,13.0,0.0,13.0,13.0,65.0,7.79,57.0,17.0,17.0,0.0,0.0,0.0,0.0,0.0,0.2,3.9,155.0,0.1,1.149,3.2539999999999996,1.499,58.0,79.0,1 fillet,85.0,3 oz,0.0,0.9359274167784808,2.5337837837837838,0.0,0.0,0.581081081081081,0.7432432432432433,1.0379528464634848,0.46846846846846846,0.07507507507507508,0.4391891891891892,0.2552552552552553,0.1801801801801802,3.5135135135135136,5,3,3,2,1,0.4019594594594595,0.5613513513513514,0.0,0.9633108108108108,0.0,1
4160,14016,"BEVERAGES,ALMOND MILK,SWTND,VANILLA FLAVOR,RTD",91.8,38,0.42,1.04,0.32,6.59,0.4,6.25,188.0,0.3,7.0,8.0,50.0,63.0,0.63,0.017,0.033,0.1,0.0,0.015,0.177,0.075,0.009000000000000001,0.003,1.0,0.0,1.0,1.0,1.0,1.25,208.0,63.0,63.0,0.0,0.0,0.0,0.0,0.0,2.81,1.0,42.0,0.0,0.0,0.625,0.20800000000000002,0.0,240.0,8 fl oz,240.0,1 cup,0.0,3.1087611245358637,1.9736842105263157,0.554016620498615,6.853070175438597,9.894736842105264,0.9210526315789475,0.5599104143337066,2.210526315789474,0.0,0.13157894736842105,3.68421052631579,9.859649122807017,3.5087719298245617,8,6,5,4,4,0.24631578947368418,0.04421052631578947,0.651578947368421,0.9421052631578947,0.6578947368421053,2
